<?xml version="1.0" encoding="UTF-8"?>
<!DOCTYPE Recipe SYSTEM "Recipe.dtd">
<Recipe recipe_id="TFT" type="VEGAN">
    <RecipeName>Tofu French Toast</RecipeName>
    <Image>frenchtoast.JPG</Image>
    <Copyright>%Copyright</Copyright>
    <Ingredients recipe_id="TFT">
        <Ingredient ready-to-use="yes" cheaper-alternative="no">
            <ingredient_name>Silken tofu</ingredient_name>
            <ingredient_unit>Ounces</ingredient_unit>
            <ingredient_size>8</ingredient_size>
        </Ingredient>
        <Ingredient ready-to-use="yes" cheaper-alternative="yes">
            <ingredient_name>Diary-free milk</ingredient_name>
            <ingredient_unit>Cup</ingredient_unit>
            <ingredient_size>1/2</ingredient_size>
        </Ingredient>
        <Ingredient ready-to-use="yes" cheaper-alternative="yes">
            <ingredient_name>Agave or maple syrup</ingredient_name>
            <ingredient_unit>Teaspoon</ingredient_unit>
            <ingredient_size>1</ingredient_size>
        </Ingredient>
        <Ingredient ready-to-use="yes" cheaper-alternative="yes">
            <ingredient_name>Cinnamon</ingredient_name>
            <ingredient_unit>Teaspoon</ingredient_unit>
            <ingredient_size>1/2</ingredient_size>
        </Ingredient>
        <Ingredient ready-to-use="yes" cheaper-alternative="no">
            <ingredient_name>Ripe banana</ingredient_name>
            <ingredient_size>1</ingredient_size>
        </Ingredient>
        <Ingredient ready-to-use="yes" cheaper-alternative="yes">
            <ingredient_name>Vegan butter or mild-flavored oil for cooking</ingredient_name>
            <ingredient_unit>Teaspoon</ingredient_unit>
            <ingredient_size>1</ingredient_size>
        </Ingredient>
        <Ingredient ready-to-use="yes" cheaper-alternative="no">
            <ingredient_name>Bread slices</ingredient_name>
            <ingredient_size>8</ingredient_size>
        </Ingredient>
       </Ingredients>
    <Procedures recipe_id="TFT">
        <Procedure step_number="1"> <procedure_description> Heat a non-stick pan over medium heat. </procedure_description> </Procedure>
        <Procedure step_number="2"> <procedure_description> Blend the tofu, dairy-free milk, syrup, cinnamon, and banana on high until smooth. If
                                    too thick add a few tablespoons extra dairy-free milk or water. Pour the coating mixture
                                    into a shallow dish and dip the bread into the mixture, thoroughly coating both sides. </procedure_description> 
        </Procedure>
        <Procedure step_number="3"> <procedure_description> Melt a teaspoon of oil or vegan butter on the hot skillet, then add your soaked bread. </procedure_description> </Procedure>
        <Procedure step_number="4"> <procedure_description> Cook for 2-3 minutes and flip to cook the other side once the edges begin to turn golden
                                    brown. Repeat with remaining bread. </procedure_description>
        </Procedure>
        <Procedure step_number="5"> <procedure_description> Serve with fresh fruit, powdered sugar, or maple syrup. </procedure_description> </Procedure>
    </Procedures>
</Recipe>

