<?xml version="1.0" encoding="UTF-8"?>
<!DOCTYPE Recipe SYSTEM "Recipe.dtd">
<Recipe recipe_id="PP" type="VEGAN"> 
    <RecipeName>Pumpkin Pie</RecipeName>    
    <Image>pumpkinpie.jpg</Image>    
    <Copyright>%Copyright</Copyright>
    <Ingredients recipe_id="PP">
        <Ingredient ready-to-use="yes" cheaper-alternative="no">
            <ingredient_name>Silken tofu</ingredient_name>
            <ingredient_unit>Ounces</ingredient_unit>
            <ingredient_size>24</ingredient_size>
        </Ingredient>
        <Ingredient ready-to-use="yes" cheaper-alternative="yes">
            <ingredient_name>Pumpkin puree</ingredient_name>
            <ingredient_unit>Cup</ingredient_unit>
            <ingredient_size>2</ingredient_size>
        </Ingredient>
        <Ingredient ready-to-use="yes" cheaper-alternative="yes">
            <ingredient_name>Maple or agave syrup</ingredient_name>
            <ingredient_unit>Cup</ingredient_unit>
            <ingredient_size>3/4</ingredient_size>
        </Ingredient>
        <Ingredient ready-to-use="yes" cheaper-alternative="yes">
            <ingredient_name>Evaporated cane sugar</ingredient_name>
            <ingredient_unit>Cup</ingredient_unit>
            <ingredient_size>3/4</ingredient_size>
        </Ingredient>
        <Ingredient ready-to-use="yes" cheaper-alternative="no">
            <ingredient_name>Corn starch</ingredient_name>
            <ingredient_unit>Cup</ingredient_unit>
            <ingredient_size>1/4</ingredient_size>
        </Ingredient>
        <Ingredient ready-to-use="yes" cheaper-alternative="yes">
            <ingredient_name>Vanilla extract</ingredient_name>
            <ingredient_unit>Teaspoon</ingredient_unit>
            <ingredient_size>1</ingredient_size>
        </Ingredient>
        <Ingredient ready-to-use="yes" cheaper-alternative="yes">
            <ingredient_name>Ground cinnamon</ingredient_name>
            <ingredient_unit>Teaspoon</ingredient_unit>
            <ingredient_size>2</ingredient_size>
        </Ingredient>
        <Ingredient ready-to-use="yes" cheaper-alternative="yes">
            <ingredient_name>Ground nutmeg</ingredient_name>
            <ingredient_unit>Teaspoon</ingredient_unit>
            <ingredient_size>1</ingredient_size>
        </Ingredient>
        <Ingredient ready-to-use="yes" cheaper-alternative="no">
            <ingredient_name>Salt</ingredient_name>
            <ingredient_unit>Teaspoon</ingredient_unit>
            <ingredient_size>1/2</ingredient_size>
        </Ingredient>
        <Ingredient ready-to-use="yes" cheaper-alternative="yes">
            <ingredient_name>Ground cloves</ingredient_name>
            <ingredient_unit>Teaspoon</ingredient_unit>
            <ingredient_size>1/4</ingredient_size>
        </Ingredient>
        <Ingredient ready-to-use="yes" cheaper-alternative="no">
            <ingredient_name>9-inch unbaked pie shell</ingredient_name>
            <ingredient_size>1</ingredient_size>
        </Ingredient>
    </Ingredients>
    <Procedures recipe_id="PP">
        <Procedure step_number="1">  <procedure_description> Preheat the oven to 400°F. </procedure_description> </Procedure>
        <Procedure step_number="2"> <procedure_description> Combine all of the filling ingredients in a blender or food processor and blend until
                                    completely smooth. Pour the mixture into the pie shell.  </procedure_description>
        </Procedure>
        <Procedure step_number="3"> <procedure_description> Bake for 30 minutes, then turn down the oven temperature to 350°F. Bake for another
                                    30-45 minutes or until the center of the pie appears set. </procedure_description>
        </Procedure>
        <Procedure step_number="4"> <procedure_description> Remove from oven and allow to cool completely. Chill for at least 2 hours to allow the
                                    pie to firm up even more. </procedure_description>
        </Procedure>
    </Procedures>
</Recipe>