<?xml version="1.0" encoding="UTF-8"?>
<?xml-stylesheet type="text/xsl" href="Recipe.xsl"?>
<!DOCTYPE Recipe SYSTEM "Recipe.dtd">
<Recipe recipe_id="MGS" type="NONVEG">
    <RecipeName>Marinated Grilled Shrimp</RecipeName>
    <Image>shrimp.jpg</Image>
    <Copyright>%Copyright</Copyright>
    
    <Ingredients recipe_id="MGS">
        <Ingredient ready-to-use="yes" cheaper-alternative="no">
            <ingredient_name>Cloves garlic, minced</ingredient_name>
            <ingredient_size>3</ingredient_size>
        </Ingredient>
        <Ingredient ready-to-use="yes" cheaper-alternative="yes">
            <ingredient_name>Olive oil</ingredient_name>
            <ingredient_unit>Cup</ingredient_unit>
            <ingredient_size>1/3</ingredient_size>
        </Ingredient>
        <Ingredient ready-to-use="yes" cheaper-alternative="no">
            <ingredient_name>Tomato sauce</ingredient_name>
            <ingredient_unit>Cup</ingredient_unit>
            <ingredient_size>1/4</ingredient_size>
        </Ingredient>
        <Ingredient ready-to-use="yes" cheaper-alternative="no">
            <ingredient_name>Red wine vinegar</ingredient_name>
            <ingredient_unit>Tablespoons</ingredient_unit>
            <ingredient_size>2</ingredient_size>
        </Ingredient>
        <Ingredient ready-to-use="no" cheaper-alternative="no">
            <ingredient_name>Fresh Basil,chopped</ingredient_name>
            <ingredient_unit>Tablespoons</ingredient_unit>
            <ingredient_size>2</ingredient_size>
        </Ingredient>
        <Ingredient ready-to-use="no" cheaper-alternative="no">
            <ingredient_name>Salt</ingredient_name>
            <ingredient_unit>Teaspoon</ingredient_unit>
            <ingredient_size>1/2</ingredient_size>
        </Ingredient>
        <Ingredient ready-to-use="no" cheaper-alternative="no">
            <ingredient_name>Cyayenne pepper</ingredient_name>
            <ingredient_unit>Teaspoon</ingredient_unit>
            <ingredient_size>1/2</ingredient_size>
        </Ingredient>
        <Ingredient ready-to-use="no" cheaper-alternative="no">
            <ingredient_name>Fresh shrimp,peeled and deveined</ingredient_name>
            <ingredient_unit>Pounds</ingredient_unit>
            <ingredient_size>2</ingredient_size>
        </Ingredient>
        <Ingredient ready-to-use="yes" cheaper-alternative="no">
            <ingredient_name>Skewers</ingredient_name>
            <ingredient_size>6</ingredient_size>
        </Ingredient>
    </Ingredients>
    <Procedures recipe_id="MGS">
        <Procedure step_number="1">
         <procedure_description>In a large bowl, stir together the garlic, olive oil, tomato sauce, and red wine vinegar.
           Season with basil, salt, and cayenne pepper. Add shrimp to the bowl, and stir until evenly coated.
            Cover, and refrigerate for 30 minutes to 1 hour, stirring once or twice.</procedure_description>
        </Procedure>
        <Procedure step_number="2">
         <procedure_description>Preheat grill for medium heat. Thread shrimp onto skewers,
            piercing once near the tail and once near the head. Discard marinade.
            </procedure_description>
        </Procedure>
        <Procedure step_number="3">
         <procedure_description>Lightly oil grill grate. Cook shrimp on preheated grill for 2 to 3 minutes per side, or until opaque.
          </procedure_description>
         </Procedure>
    </Procedures>
</Recipe>
